{"train_loss": [0.02310003932846917, 0.015973571729660033, 0.013059043510754903, 0.012101867306232453, 0.010280246294869316, 0.009951841539806789, 0.009689143918620215, 0.009324586521254645, 0.008734297499391768, 0.008023897205458748, 0.008534070230854882, 0.007900055352846781, 0.007813731441232893, 0.0074256027592553035, 0.007435298262702094, 0.007274884729252922, 0.007010659741693073, 0.006782148173120286, 0.006506072842412525, 0.006242352841297785, 0.006214075056711833, 0.006459844785928726, 0.006194960951142841, 0.006140066701836056, 0.006251101693179872, 0.005577892741229799, 0.005729734172423681, 0.005307691229052014, 0.0056118483702341715, 0.005371095884508557, 0.005272177577681012, 0.005163957097795275, 0.0051651023209095, 0.005240233490864435, 0.005016120834483041, 0.0048547929048538205, 0.004865776259700457, 0.004705868563387129, 0.004795481457312902, 0.004672882942027516, 0.0045870255357689325, 0.004596350327134132, 0.004590200626187854, 0.004569280895921919, 0.0044931097510788175, 0.00434683025876681, 0.005082358036438624, 0.004350906111796697, 0.004625110938151678, 0.0044918454441759325, 0.004613353916340404, 0.004246312967605061, 0.004413881781034999, 0.004261847702331013, 0.0043648836586210465, 0.004224768279658423, 0.003965874392456478, 0.004334041262997522, 0.004260282096597883, 0.003931223936544524, 0.00392192181746165, 0.003886323024166955, 0.004385702704058753, 0.00458139252199067, 0.0038166397962305283, 0.003658836274676853, 0.00395553200410472, 0.003782644949025578, 0.0038411046375830967, 0.003761129436559147, 0.003747111052274704, 0.003912792780995369, 0.00421006827155749, 0.0036551825129323536, 0.0037373852991395527, 0.0038658274023069274, 0.003747721453176604, 0.003609937270482381, 0.0037564891278743743, 0.00382386431992054, 0.0036138538122177126, 0.0037073513593938617, 0.003493073433637619, 0.003468124039636718, 0.00356688419646687, 0.0036953993148273892, 0.003480184066295624, 0.0035092237499025135, 0.0033418211374017927, 0.003958572002914217, 0.0034698898947901195, 0.0037900929629802703, 0.0032962213499678505, 0.0033488001098235447, 0.0032391987264156342, 0.00361285694109069, 0.003388080307510164, 0.003479681096143193, 0.0032578861792882286, 0.0034406809661123488, 0.003215721645288997], "train_accuracy": [0.09984444444444444, 0.3902, 0.5147111111111111, 0.5487777777777778, 0.6286222222222222, 0.6357777777777778, 0.6452888888888889, 0.6595777777777778, 0.6768444444444445, 0.7058, 0.6889777777777778, 0.7119777777777778, 0.7164, 0.7293777777777778, 0.7307777777777777, 0.7338, 0.7505333333333334, 0.7541333333333333, 0.7664222222222222, 0.7738666666666667, 0.7754888888888889, 0.771, 0.7781555555555556, 0.7816666666666666, 0.7761555555555556, 0.8017333333333333, 0.7962888888888889, 0.8121333333333334, 0.7994, 0.8086222222222222, 0.8147333333333333, 0.8168222222222222, 0.8198, 0.8175333333333333, 0.8235111111111111, 0.8284666666666667, 0.8274, 0.8335555555555556, 0.8321555555555555, 0.8350222222222222, 0.8396888888888889, 0.8381333333333333, 0.8370666666666666, 0.8393333333333334, 0.8433555555555555, 0.8478, 0.8214222222222223, 0.8468888888888889, 0.8384222222222222, 0.8402444444444445, 0.8369777777777778, 0.8516666666666667, 0.8442222222222222, 0.8503777777777778, 0.8470444444444445, 0.8523333333333334, 0.8609777777777777, 0.8485333333333334, 0.8513777777777778, 0.8616444444444444, 0.8646888888888888, 0.8624444444444445, 0.8445111111111111, 0.8386888888888889, 0.8655777777777778, 0.8717333333333334, 0.8621111111111112, 0.8673111111111111, 0.8641333333333333, 0.8684666666666667, 0.8700666666666667, 0.8629111111111111, 0.8544888888888889, 0.8719333333333333, 0.8690222222222223, 0.8636666666666667, 0.8674666666666667, 0.8733111111111111, 0.8710444444444444, 0.8662666666666666, 0.8736444444444444, 0.8702666666666666, 0.8772444444444445, 0.8776666666666667, 0.8746222222222222, 0.8707111111111111, 0.879, 0.8790222222222223, 0.8836, 0.8600444444444444, 0.8788444444444444, 0.8674888888888889, 0.8841111111111111, 0.8822666666666666, 0.8859555555555556, 0.8733555555555556, 0.8815777777777778, 0.8781555555555556, 0.8848666666666667, 0.8797777777777778, 0.8874444444444445], "validation_accuracy": [0.1014, 0.3966, 0.5126, 0.5546, 0.6128, 0.626, 0.6264, 0.6494, 0.6698, 0.6876, 0.6788, 0.6924, 0.7042, 0.7036, 0.703, 0.713, 0.7206, 0.7306, 0.7404, 0.7498, 0.7528, 0.749, 0.7474, 0.7442, 0.7478, 0.7652, 0.7654, 0.7842, 0.773, 0.7798, 0.781, 0.7818, 0.7822, 0.7768, 0.7834, 0.7912, 0.7926, 0.8026, 0.7984, 0.8046, 0.7994, 0.804, 0.7966, 0.8032, 0.808, 0.8082, 0.7876, 0.8112, 0.8004, 0.8008, 0.7968, 0.8094, 0.8048, 0.8062, 0.806, 0.8186, 0.8188, 0.8158, 0.813, 0.8246, 0.826, 0.8206, 0.807, 0.8, 0.8266, 0.829, 0.8198, 0.8246, 0.8214, 0.827, 0.8242, 0.823, 0.8126, 0.8282, 0.8256, 0.8234, 0.8212, 0.8282, 0.831, 0.8222, 0.821, 0.829, 0.828, 0.8286, 0.832, 0.8198, 0.8338, 0.8328, 0.839, 0.8122, 0.8306, 0.8192, 0.8376, 0.8374, 0.8392, 0.8284, 0.8356, 0.8288, 0.8384, 0.8302, 0.838]}