{"train_loss": [0.023867005549536812, 0.015560092088911268, 0.014901249082883199, 0.012018100853761038, 0.01134412696758906, 0.010713864223162332, 0.010791962760024601, 0.00975293241739273, 0.010465390151076847, 0.009919502116574181, 0.009514813952975803, 0.008960104783376058, 0.009524858380688561, 0.008536717405584123, 0.008610103301207225, 0.009150231626298692, 0.007905706927511427, 0.008200674622588687, 0.008064651347531213, 0.008203503221935696, 0.007953963667816586, 0.008539982012907664, 0.007537506266434987, 0.007326876054869758, 0.007324816463390986, 0.0073697757383187614, 0.007190137357181973, 0.007277704865402646, 0.007243199712700314, 0.006953691085179647, 0.007096396032306883, 0.007427426328923967, 0.007281963489452998, 0.006886337876319885, 0.00715734391146236, 0.007214030194944806, 0.006946543414062924, 0.00657262220316463, 0.0070319545831945204, 0.0071357827948199375, 0.006745169945557912, 0.006585946601629257, 0.006764055388503605, 0.006752268202437295, 0.0065489160100619, 0.006160146433115006, 0.006317134843269984, 0.006567445398701562, 0.006460202827718523, 0.008044036775165134, 0.006312918638520771, 0.006126135209533904, 0.006506897240214878, 0.006344317452112834, 0.00597998140056928, 0.006939973092741436, 0.006268220765060849, 0.006120971491601732, 0.005814501596821679, 0.0059209941956732005, 0.0061789363741874695, 0.006269375577900145, 0.0060943224940035075, 0.005997854763269425, 0.005800563357273737, 0.005733811220857832, 0.005713638359970517, 0.006090782789389292, 0.006161302755276362, 0.005872639914353689, 0.00582272011174096, 0.005886421061224408, 0.0056786725395255614, 0.0059322550197442375, 0.005876743329895867, 0.005703389439317915, 0.005704877295758989, 0.005636859311660131, 0.005432033271259732, 0.005759545346101125, 0.006435192762480842, 0.005816480780310101, 0.005387169586287604, 0.006692454350656934, 0.0054729182905621, 0.005510213486353556, 0.0056691026892926955, 0.005448159880770577, 0.005929552892843882, 0.005832436967558331, 0.005471655160188675, 0.005595320767826504, 0.0053478244721889496, 0.005247540439499749, 0.005312540504667494, 0.0054433743721909, 0.005160738909906811, 0.005424295481046041, 0.005263598840104209, 0.005307915122641458, 0.005141343593597412], "train_accuracy": [0.10026666666666667, 0.39944444444444444, 0.44697777777777775, 0.5572444444444444, 0.5832888888888889, 0.6123777777777778, 0.6098, 0.6448666666666667, 0.6118222222222223, 0.6432888888888889, 0.6511333333333333, 0.6730666666666667, 0.6564888888888889, 0.6913111111111111, 0.6884666666666667, 0.6693555555555556, 0.7117777777777777, 0.7018666666666666, 0.7060444444444445, 0.7005555555555556, 0.7158888888888889, 0.6991555555555555, 0.7275111111111111, 0.7368, 0.7354222222222222, 0.7334, 0.7381777777777778, 0.7352666666666666, 0.7367333333333334, 0.7479111111111111, 0.7425111111111111, 0.7275333333333334, 0.7364222222222222, 0.7519555555555556, 0.7409333333333333, 0.7419555555555556, 0.7517333333333334, 0.7635777777777778, 0.7473555555555556, 0.743, 0.7555111111111111, 0.7627333333333334, 0.7579777777777778, 0.7550444444444444, 0.7659555555555555, 0.7789555555555555, 0.7734444444444445, 0.7654444444444445, 0.7686666666666667, 0.7107333333333333, 0.7733777777777778, 0.7808444444444445, 0.7650444444444444, 0.7707333333333334, 0.7848444444444445, 0.7539111111111111, 0.7766888888888889, 0.7813777777777777, 0.7936666666666666, 0.7876888888888889, 0.7792, 0.7747333333333334, 0.7839333333333334, 0.7857555555555555, 0.7940444444444444, 0.7949555555555555, 0.7968444444444445, 0.7829333333333334, 0.7802444444444444, 0.7908888888888889, 0.7927111111111111, 0.7897111111111111, 0.7972666666666667, 0.7884444444444444, 0.7867333333333333, 0.7967333333333333, 0.7959111111111111, 0.7981777777777778, 0.8065111111111111, 0.7949111111111111, 0.7707555555555555, 0.7934888888888889, 0.8088444444444445, 0.7637555555555555, 0.8073111111111111, 0.8028444444444445, 0.7973777777777777, 0.8060666666666667, 0.7850222222222222, 0.7908888888888889, 0.8056888888888889, 0.802, 0.8106444444444444, 0.8140666666666667, 0.8127111111111112, 0.8070888888888889, 0.8183333333333334, 0.8075333333333333, 0.8151555555555555, 0.8113111111111111, 0.8185777777777777], "validation_accuracy": [0.0976, 0.4032, 0.4504, 0.5556, 0.5802, 0.6026, 0.604, 0.6282, 0.606, 0.628, 0.647, 0.6588, 0.6508, 0.6668, 0.67, 0.6518, 0.6952, 0.6846, 0.6878, 0.6788, 0.692, 0.6776, 0.7128, 0.714, 0.7096, 0.7098, 0.716, 0.717, 0.7146, 0.7212, 0.7124, 0.707, 0.7138, 0.7238, 0.7152, 0.7122, 0.7198, 0.73, 0.713, 0.7136, 0.7198, 0.733, 0.7332, 0.7216, 0.735, 0.746, 0.7354, 0.735, 0.7292, 0.6834, 0.7392, 0.745, 0.7314, 0.7398, 0.7466, 0.715, 0.7408, 0.7398, 0.7548, 0.7502, 0.7414, 0.736, 0.743, 0.752, 0.764, 0.7552, 0.756, 0.739, 0.7452, 0.7536, 0.7538, 0.7582, 0.7534, 0.7488, 0.7558, 0.755, 0.7612, 0.7636, 0.7666, 0.7596, 0.7286, 0.7502, 0.769, 0.723, 0.7684, 0.7646, 0.7616, 0.7676, 0.7442, 0.753, 0.7704, 0.7616, 0.7666, 0.7782, 0.7726, 0.7624, 0.7692, 0.771, 0.773, 0.7692, 0.7754]}