{"train_loss": [0.02308454228507148, 0.020151878253618877, 0.01906313748889499, 0.018203561062282988, 0.01773584843211704, 0.017641939804289075, 0.01726875644524892, 0.01703943721453349, 0.017010136535432603, 0.01687851801978217, 0.01665492179658678, 0.016518171588579815, 0.016392234717475043, 0.016274399010340373, 0.016269034316804674, 0.01647458525498708, 0.016131868908140393, 0.015994025728437635, 0.016079363759358725, 0.015919765644603304, 0.01573744213051266, 0.01585487186908722, 0.016123630589909024, 0.015595206112331814, 0.015558838997946845, 0.015250696725315517, 0.015355296768082513, 0.01520204275449117, 0.014808354878425599, 0.015204204940795898, 0.01517273216512468, 0.014693259188863966, 0.014718608196576437, 0.014555504703521729, 0.014424189366234673, 0.014367464513248867, 0.014648609357410008, 0.014253625800874498, 0.014371985832850138, 0.013885811291800604, 0.014185872366693286, 0.01391221646202935, 0.013935073807504443, 0.014200117609235976, 0.014023833558294509, 0.013918936766518487, 0.013811292995346917, 0.013662711403104995, 0.013339913278155856, 0.013362313755353291, 0.013334576159053379, 0.01431247140036689, 0.014039387832747566, 0.013807221616639031, 0.013790480454762777, 0.013415715363290575, 0.013376722481515672, 0.013091870170169407, 0.013609389853477477, 0.01302732506328159, 0.013032949211862353, 0.013768554912673103, 0.01295616873105367, 0.01322222934299045, 0.012962180667453343, 0.012793390191925897, 0.012947488649686178, 0.012864282181527879, 0.013460060758060879, 0.012568583750724793, 0.012483656374613444, 0.012745345685217116, 0.012772769459088644, 0.0127226858470175, 0.012995200652546352, 0.012665895281897651, 0.01308254693614112, 0.01231741540034612, 0.012647735648685031, 0.012301267753707039, 0.013198653780089484, 0.012157267733414967, 0.012406172495418125, 0.01225851070218616, 0.012355043449666765, 0.012381886812051138, 0.012712966822253334, 0.012534265813562605, 0.01229214012755288, 0.012727059259679582, 0.012400277605321672, 0.012223445416821374, 0.012165207491980658, 0.012322472498151991, 0.012823800959852007, 0.01230508278740777, 0.012439162651697795, 0.012143755947219, 0.012322578408983018, 0.012272453300158182, 0.01283509331676695], "train_accuracy": [0.09991111111111112, 0.24073333333333333, 0.27035555555555557, 0.3055333333333333, 0.32104444444444447, 0.32626666666666665, 0.3295777777777778, 0.3487777777777778, 0.34615555555555555, 0.35233333333333333, 0.3652222222222222, 0.3673777777777778, 0.3728222222222222, 0.37766666666666665, 0.37522222222222223, 0.37106666666666666, 0.3854222222222222, 0.3907111111111111, 0.3921777777777778, 0.3951777777777778, 0.40124444444444446, 0.4062, 0.3977333333333333, 0.41855555555555557, 0.4126444444444444, 0.4322888888888889, 0.4285111111111111, 0.43666666666666665, 0.45284444444444444, 0.42791111111111113, 0.42973333333333336, 0.4570666666666667, 0.4552888888888889, 0.4670888888888889, 0.4709111111111111, 0.4651777777777778, 0.45422222222222225, 0.4738222222222222, 0.4677777777777778, 0.4928666666666667, 0.47357777777777776, 0.4870888888888889, 0.4933111111111111, 0.4779333333333333, 0.4858222222222222, 0.4882444444444444, 0.4931111111111111, 0.4953111111111111, 0.5125555555555555, 0.5065333333333333, 0.5128888888888888, 0.47473333333333334, 0.4876, 0.49193333333333333, 0.5012, 0.5101111111111111, 0.5113111111111112, 0.5246, 0.5022888888888889, 0.5254, 0.5268222222222222, 0.5018444444444444, 0.5289333333333334, 0.5171111111111111, 0.5308, 0.5345111111111112, 0.5321777777777777, 0.5352222222222223, 0.5063777777777778, 0.5446666666666666, 0.5493333333333333, 0.5338444444444445, 0.5361555555555556, 0.5361777777777778, 0.5277333333333334, 0.5416666666666666, 0.5251111111111111, 0.5552444444444444, 0.5434, 0.5552222222222222, 0.5305333333333333, 0.5620888888888889, 0.5534222222222223, 0.5572666666666667, 0.5522, 0.5532444444444444, 0.5414888888888889, 0.5476888888888889, 0.5584666666666667, 0.5434222222222223, 0.5560666666666667, 0.5605333333333333, 0.5597777777777778, 0.5553777777777777, 0.5377777777777778, 0.5599777777777778, 0.5492666666666667, 0.5658, 0.5601333333333334, 0.5590444444444445, 0.5394888888888889], "validation_accuracy": [0.1008, 0.235, 0.2652, 0.2994, 0.3138, 0.3264, 0.333, 0.3458, 0.3448, 0.3514, 0.3676, 0.3754, 0.3718, 0.3764, 0.3722, 0.377, 0.3814, 0.3934, 0.3924, 0.3962, 0.4022, 0.412, 0.403, 0.414, 0.4168, 0.4244, 0.4312, 0.442, 0.454, 0.4342, 0.4262, 0.459, 0.4474, 0.4576, 0.4686, 0.4648, 0.4534, 0.4728, 0.4736, 0.4898, 0.4756, 0.4834, 0.4876, 0.4694, 0.4814, 0.4874, 0.49, 0.4932, 0.5024, 0.5006, 0.5128, 0.4702, 0.4818, 0.486, 0.4922, 0.5048, 0.5056, 0.523, 0.494, 0.519, 0.5186, 0.4956, 0.523, 0.5148, 0.5234, 0.5292, 0.5212, 0.5224, 0.5074, 0.5302, 0.5372, 0.5302, 0.5254, 0.5294, 0.5186, 0.5322, 0.5226, 0.5464, 0.5356, 0.5558, 0.5196, 0.5508, 0.5458, 0.5468, 0.5416, 0.542, 0.5268, 0.5396, 0.547, 0.5234, 0.5472, 0.5512, 0.5438, 0.5446, 0.538, 0.5496, 0.5392, 0.554, 0.5476, 0.5438, 0.5296]}