{"train_loss": [0.024159928448994953, 0.020323174039522808, 0.019670082232687208, 0.018664400055673387, 0.017824893297089472, 0.01746518936422136, 0.017107026595539518, 0.01687092173629337, 0.016765337204933166, 0.016576859876844617, 0.016604515014754403, 0.01645970696873135, 0.01630444874498579, 0.01621358069313897, 0.01611619891855452, 0.01607526763280233, 0.015927080408732096, 0.015793808505270217, 0.015808893982569378, 0.01559845638010237, 0.01554331194029914, 0.015520286197132534, 0.015348323758443196, 0.015439076293839348, 0.015050974914762708, 0.015343113070064121, 0.014925442367129855, 0.014810978240436978, 0.014686670433150398, 0.01479208172692193, 0.014554350630442301, 0.014911336326599122, 0.014377652809354994, 0.014291204282972548, 0.014541663241386414, 0.014488092337714302, 0.014311180459128485, 0.01418931708070967, 0.014104777640766567, 0.014371507016817728, 0.01387339719136556, 0.014235148927900527, 0.014106139609548781, 0.013871514185269674, 0.013715827271673415, 0.013863847637176513, 0.014629181334707472, 0.014316728605164421, 0.013543314589394463, 0.013960515366660224, 0.013375033201111688, 0.013684560343954297, 0.013372369056277806, 0.013557014507717556, 0.013505719727940029, 0.01386437372631497, 0.013715230168236626, 0.013297064198387994, 0.013767928960588243, 0.013559101385540432, 0.013291142143143548, 0.013160465410020616, 0.013620274106661478, 0.013481760742929247, 0.013369731118943956, 0.012941348828209772, 0.013093917282422384, 0.013464860370424058, 0.01324087721241845, 0.013370687407917447, 0.012965447061591678, 0.0130142478995853, 0.012858936142921449, 0.013119200015068054, 0.0125976102259424, 0.012779789315329658, 0.013096473368008931, 0.012843144887023502, 0.01321172760989931, 0.013001158897082012, 0.012802445357375675, 0.013002944278717041, 0.012555758017963834, 0.013133370762401156, 0.012936097632514106, 0.012742789975802103, 0.01290834698677063, 0.012745380496978759, 0.012464100183380974, 0.012907679710123274, 0.012922099124060737, 0.012791992656389872, 0.01357459196779463, 0.012648823010921479, 0.012717963222662608, 0.012423575901985168, 0.012791358094745213, 0.013101110168298085, 0.012272331505351597, 0.01295603568818834, 0.01256325543721517], "train_accuracy": [0.09991111111111112, 0.22515555555555555, 0.2518, 0.29164444444444443, 0.32126666666666664, 0.3421111111111111, 0.34544444444444444, 0.34746666666666665, 0.3624222222222222, 0.3708888888888889, 0.3642, 0.3761111111111111, 0.3824888888888889, 0.38464444444444446, 0.3915111111111111, 0.3924666666666667, 0.39557777777777775, 0.4040888888888889, 0.40784444444444445, 0.413, 0.4199555555555556, 0.4207111111111111, 0.4295111111111111, 0.4222666666666667, 0.4447333333333333, 0.42446666666666666, 0.44555555555555554, 0.45568888888888887, 0.45793333333333336, 0.45235555555555557, 0.4622, 0.4386, 0.4709333333333333, 0.47688888888888886, 0.46297777777777777, 0.4612888888888889, 0.4720888888888889, 0.4749555555555556, 0.48033333333333333, 0.46713333333333334, 0.4929777777777778, 0.4824888888888889, 0.48113333333333336, 0.4962666666666667, 0.5000222222222223, 0.4913111111111111, 0.46295555555555556, 0.4726666666666667, 0.5086222222222222, 0.4905777777777778, 0.5141777777777777, 0.4973111111111111, 0.5095777777777778, 0.5052444444444445, 0.5039333333333333, 0.48444444444444446, 0.49564444444444444, 0.5116666666666667, 0.49504444444444445, 0.5123333333333333, 0.5128444444444444, 0.5204222222222222, 0.5046888888888889, 0.49964444444444445, 0.5113333333333333, 0.5276444444444445, 0.5220444444444444, 0.5087777777777778, 0.5134444444444445, 0.5143555555555556, 0.5244444444444445, 0.5242222222222223, 0.5280666666666667, 0.5221333333333333, 0.5432444444444444, 0.5319777777777778, 0.5202, 0.5294222222222222, 0.5100444444444444, 0.5253555555555556, 0.5269555555555555, 0.5262, 0.5404666666666667, 0.5112888888888889, 0.5291111111111111, 0.5368, 0.5270444444444444, 0.5383777777777777, 0.5483777777777777, 0.5244444444444445, 0.5336888888888889, 0.5378, 0.5079777777777778, 0.5392666666666667, 0.5399555555555555, 0.5491777777777778, 0.5325111111111112, 0.5251333333333333, 0.5563111111111111, 0.5286, 0.5422222222222223], "validation_accuracy": [0.1008, 0.2278, 0.2522, 0.2934, 0.3192, 0.3392, 0.3444, 0.3492, 0.3558, 0.3688, 0.3562, 0.3648, 0.3792, 0.381, 0.3918, 0.3948, 0.386, 0.397, 0.398, 0.401, 0.4068, 0.4142, 0.4188, 0.4148, 0.4388, 0.4178, 0.4422, 0.4424, 0.4498, 0.4486, 0.4646, 0.4322, 0.4702, 0.474, 0.4648, 0.4594, 0.4684, 0.4736, 0.4754, 0.467, 0.4968, 0.4784, 0.4784, 0.4928, 0.5004, 0.484, 0.4568, 0.464, 0.5062, 0.4878, 0.5108, 0.4922, 0.504, 0.5014, 0.4994, 0.4796, 0.496, 0.5096, 0.4922, 0.507, 0.5082, 0.5176, 0.504, 0.4992, 0.5078, 0.5222, 0.5138, 0.5006, 0.5096, 0.512, 0.5154, 0.5182, 0.5208, 0.52, 0.535, 0.5268, 0.5158, 0.5228, 0.5022, 0.5198, 0.5132, 0.5238, 0.5334, 0.5086, 0.522, 0.531, 0.5186, 0.5358, 0.539, 0.5194, 0.5282, 0.5374, 0.5062, 0.53, 0.5298, 0.5454, 0.5222, 0.5216, 0.5512, 0.5252, 0.5342]}