{"train_loss": [0.02309517403708564, 0.018717448009385004, 0.01635603461265564, 0.015414126634597779, 0.014132755274242825, 0.01345518200132582, 0.012668994186984169, 0.012561649107933044, 0.010909502512878842, 0.010770083759890662, 0.010388377337985569, 0.010292422041628096, 0.009845156427224477, 0.009399688300821517, 0.009769254106945461, 0.00904801812171936, 0.008842639508512285, 0.00882820944123798, 0.008332523783047994, 0.00829879686832428, 0.008518353354930877, 0.008064454285303752, 0.007976079973247317, 0.007734809072812398, 0.008012647957271999, 0.007657429338826073, 0.007595335992177327, 0.0075005747371249725, 0.007674328549040688, 0.007249687196148767, 0.0072316520108116995, 0.007024563629097409, 0.007263143592410618, 0.006999455473820368, 0.007036241168446011, 0.007041683726840549, 0.006897351918617884, 0.006838879964086744, 0.006717328419950273, 0.006787645977073245, 0.00679000853366322, 0.006836649794048733, 0.006704561497767767, 0.0063756036983595955, 0.006627392070160972, 0.006432909384038713, 0.006374005864063899, 0.006613024255302217, 0.006415002391073439, 0.006238434430625704, 0.006200423127412796, 0.0063230383661058214, 0.006190962048371633, 0.006049875740210215, 0.00604821825755967, 0.0059849862198034925, 0.006057441563076443, 0.005958126680056254, 0.005949186937676536, 0.005938056210014555, 0.00617355643775728, 0.005976441818475724, 0.006053491830163532, 0.005961535547839271, 0.005778798911968867, 0.0058777989367644, 0.0058762462079525, 0.005664249898989995, 0.005805460518598557, 0.005620581867959764, 0.0058583566433853575, 0.005850355515877406, 0.005774737268024021, 0.005644445674949222, 0.005556571475002501, 0.005624937667449315, 0.005598497642411126, 0.005756345634327994, 0.005513673860496945, 0.0055397253023253545, 0.0056105706877178614, 0.0053455094787809585, 0.005564451817009184, 0.005346507008208169, 0.005547296223375533, 0.0056081436316172285, 0.0052813574969768524, 0.005270397737953398, 0.005432635888126161, 0.005319224684105979, 0.0053915881799327, 0.005397152412599988, 0.005235772306389279, 0.005165834407011668, 0.005198590113719304, 0.005240728476312425, 0.004969922090901269, 0.005285815207825766, 0.005124829185671276, 0.00516348441640536, 0.0050827587995264266], "train_accuracy": [0.10033333333333333, 0.27224444444444446, 0.36175555555555555, 0.41186666666666666, 0.47071111111111114, 0.5068888888888889, 0.543, 0.5475111111111111, 0.6015555555555555, 0.6055333333333334, 0.6232222222222222, 0.6308888888888889, 0.6416222222222222, 0.6587555555555555, 0.6470222222222223, 0.6762444444444444, 0.6816666666666666, 0.6811111111111111, 0.6980888888888889, 0.7003555555555555, 0.6908, 0.7083333333333334, 0.7098222222222222, 0.7224, 0.7103333333333334, 0.7216, 0.7278222222222223, 0.7285777777777778, 0.7235111111111111, 0.7395555555555555, 0.7391555555555556, 0.7469111111111111, 0.7391777777777778, 0.7495111111111111, 0.7476666666666667, 0.7472444444444445, 0.7541777777777777, 0.7544888888888889, 0.7587111111111111, 0.7582, 0.7566444444444445, 0.7581111111111111, 0.7591777777777777, 0.7726222222222222, 0.7631555555555556, 0.7695777777777778, 0.7723333333333333, 0.7642222222222222, 0.7695111111111111, 0.7756666666666666, 0.7800444444444444, 0.7708222222222222, 0.7799555555555555, 0.7841111111111111, 0.7822888888888889, 0.7863777777777777, 0.7836222222222222, 0.7866444444444445, 0.7893555555555556, 0.7888888888888889, 0.7788444444444445, 0.7860666666666667, 0.7855555555555556, 0.7886, 0.7947111111111111, 0.7911555555555555, 0.7909777777777778, 0.7989111111111111, 0.7961555555555555, 0.7989555555555555, 0.7891111111111111, 0.7936222222222222, 0.7956222222222222, 0.7990222222222222, 0.8024666666666667, 0.7996444444444445, 0.8023777777777777, 0.7969333333333334, 0.8079777777777778, 0.8048, 0.8008444444444445, 0.8117555555555556, 0.8012222222222222, 0.8115777777777777, 0.8049111111111111, 0.8012222222222222, 0.8133111111111111, 0.8149333333333333, 0.8094666666666667, 0.813, 0.8089555555555555, 0.8086444444444445, 0.8161333333333334, 0.8184, 0.8176, 0.8162444444444444, 0.8267555555555556, 0.8140666666666667, 0.8187111111111111, 0.8210888888888889, 0.8223111111111111], "validation_accuracy": [0.1126, 0.2684, 0.3666, 0.419, 0.4696, 0.4974, 0.531, 0.5472, 0.5906, 0.5998, 0.6144, 0.621, 0.6246, 0.6562, 0.6396, 0.6594, 0.675, 0.667, 0.6874, 0.6868, 0.6808, 0.6952, 0.6978, 0.707, 0.6944, 0.7082, 0.716, 0.7188, 0.704, 0.7212, 0.716, 0.7248, 0.715, 0.7258, 0.7236, 0.7204, 0.7316, 0.7278, 0.7394, 0.7344, 0.7344, 0.73, 0.745, 0.7432, 0.739, 0.7462, 0.7478, 0.745, 0.7492, 0.7528, 0.7498, 0.7452, 0.7508, 0.7556, 0.7524, 0.7594, 0.7584, 0.7586, 0.762, 0.7608, 0.75, 0.7636, 0.7574, 0.7524, 0.7678, 0.7666, 0.765, 0.7696, 0.762, 0.7698, 0.7638, 0.7656, 0.7672, 0.7718, 0.7696, 0.7678, 0.7716, 0.7658, 0.7736, 0.7718, 0.768, 0.7772, 0.771, 0.78, 0.7732, 0.7714, 0.781, 0.7808, 0.7844, 0.7828, 0.7776, 0.7824, 0.782, 0.7872, 0.7808, 0.7826, 0.7868, 0.7798, 0.7846, 0.7836, 0.7868]}