{"train_loss": [0.023072479332817926, 0.01635289287302229, 0.013789033963945176, 0.011486255808671315, 0.010306936264038086, 0.010128385841846466, 0.009469655293888516, 0.009123868448204465, 0.00819067180024253, 0.00859304996199078, 0.008544545928637187, 0.00808973669608434, 0.007667241112391154, 0.007368394691414303, 0.0072736567338307695, 0.007097730629311668, 0.006986221794287364, 0.007042474583122465, 0.006827119304736455, 0.006687881151835124, 0.006735701354344686, 0.006996323111984465, 0.006479389408561918, 0.0060863485230339895, 0.00708694026933776, 0.006127699163887236, 0.0059394957502683, 0.006303672834237417, 0.006602049033509361, 0.005840849494271808, 0.0060438759571976135, 0.00572275533941057, 0.005509678012132644, 0.005663784142335256, 0.005667999665604697, 0.0053387044039037495, 0.0054849166976081, 0.005269849297735426, 0.005494067550698916, 0.00512355104221238, 0.005063801454173194, 0.005061176158984502, 0.00507153383228514, 0.005115375594298045, 0.005062017088466221, 0.004946217105123732, 0.005447943217886819, 0.0051694384687476684, 0.004777698221140438, 0.0048728862365086875, 0.004713718348079258, 0.004864544893635644, 0.005084735552469889, 0.004677146695719825, 0.004837577975458569, 0.004756488178173701, 0.004889293258719974, 0.004785903672377269, 0.0047305307481024, 0.005169227134519153, 0.004516100244720777, 0.004429837734500567, 0.004604028031892246, 0.004427013660801782, 0.004770612433883879, 0.005182889389329487, 0.004462027266952727, 0.004186291413174735, 0.004431543459163772, 0.004354521411326196, 0.004475845885607932, 0.004119590303301811, 0.004294665454824765, 0.0043986372358269165, 0.004534486965669526, 0.004627602363626162, 0.0043290511594878305, 0.004543389989932378, 0.004109932049115499, 0.004058988299965858, 0.0043299592945310805, 0.004273701180352105, 0.004131719759106636, 0.004771618032124308, 0.004235068556335237, 0.0042203858799404565, 0.004086153412527508, 0.004015887370374467, 0.003881295977698432, 0.004010874603192011, 0.0041046680278248255, 0.004274229357639949, 0.0041511778480476805, 0.004401397038499514, 0.003943224460217688, 0.004217066093285878, 0.003924464827444818, 0.004113612372014258, 0.004050273810823758, 0.004028443996442689, 0.003780208856198523], "train_accuracy": [0.1, 0.35602222222222224, 0.4796666666666667, 0.5767777777777777, 0.6198222222222223, 0.6312222222222222, 0.6581333333333333, 0.6643333333333333, 0.7020222222222222, 0.6869555555555555, 0.6887111111111112, 0.7036222222222223, 0.7214, 0.7327333333333333, 0.7347333333333333, 0.7402222222222222, 0.7462888888888889, 0.7473777777777778, 0.7536666666666667, 0.7588444444444444, 0.7568222222222222, 0.7481555555555556, 0.766, 0.7796, 0.7467333333333334, 0.7790222222222222, 0.7871111111111111, 0.7735111111111111, 0.7666444444444445, 0.7931555555555555, 0.7847777777777778, 0.7995333333333333, 0.8056444444444445, 0.8013111111111111, 0.8016, 0.8134888888888889, 0.8088666666666666, 0.8153555555555555, 0.8053111111111111, 0.8204, 0.8227333333333333, 0.8228444444444445, 0.8224888888888889, 0.8203555555555555, 0.8225555555555556, 0.8253333333333334, 0.8073777777777777, 0.8196888888888889, 0.8331777777777778, 0.8306, 0.835, 0.8296222222222223, 0.8201333333333334, 0.8357777777777777, 0.8297555555555556, 0.8338, 0.8278444444444445, 0.8311555555555555, 0.8338888888888889, 0.8215111111111111, 0.8409777777777778, 0.8458, 0.8378222222222222, 0.8432444444444445, 0.8321777777777778, 0.8162888888888888, 0.8450666666666666, 0.8534444444444444, 0.8459111111111111, 0.8483333333333334, 0.8421555555555555, 0.8552666666666666, 0.8501777777777778, 0.8462222222222222, 0.8424, 0.8384666666666667, 0.8498222222222223, 0.8399555555555556, 0.8574888888888889, 0.8594666666666667, 0.8491555555555556, 0.8497333333333333, 0.8559777777777777, 0.8309333333333333, 0.8527555555555556, 0.8518666666666667, 0.8567333333333333, 0.8583111111111111, 0.8636, 0.8595333333333334, 0.8554222222222222, 0.8504888888888888, 0.8550222222222222, 0.8461333333333333, 0.862, 0.8538, 0.8646, 0.8579111111111111, 0.8569555555555556, 0.8600444444444444, 0.8686666666666667], "validation_accuracy": [0.1, 0.3582, 0.4832, 0.5638, 0.6066, 0.6208, 0.648, 0.6554, 0.6882, 0.6768, 0.6742, 0.6882, 0.7066, 0.7132, 0.7136, 0.7188, 0.7258, 0.721, 0.7256, 0.7342, 0.7308, 0.7294, 0.7462, 0.758, 0.7284, 0.7496, 0.7552, 0.743, 0.7392, 0.7656, 0.7542, 0.7628, 0.7758, 0.773, 0.7664, 0.7796, 0.7704, 0.779, 0.7664, 0.783, 0.7894, 0.7814, 0.786, 0.7876, 0.788, 0.7922, 0.778, 0.784, 0.7912, 0.7982, 0.7902, 0.7846, 0.786, 0.7948, 0.795, 0.793, 0.7948, 0.7924, 0.7994, 0.785, 0.7998, 0.8076, 0.7978, 0.8036, 0.7948, 0.7786, 0.8082, 0.812, 0.8094, 0.812, 0.798, 0.8158, 0.8054, 0.8082, 0.8012, 0.8032, 0.8084, 0.7992, 0.816, 0.8198, 0.8068, 0.8156, 0.8144, 0.7894, 0.814, 0.809, 0.8086, 0.8124, 0.8202, 0.8216, 0.813, 0.806, 0.8132, 0.8056, 0.8224, 0.8136, 0.8124, 0.815, 0.8132, 0.8164, 0.8196]}