{"train_loss": [0.023086448250876534, 0.015720882900555927, 0.013272215723991393, 0.012426881077554491, 0.011118599894311692, 0.01024521769285202, 0.010394021838241153, 0.00950032045841217, 0.009976349471675024, 0.008913369770844778, 0.008621042970816294, 0.008402159374290043, 0.008457458258999719, 0.00812484849691391, 0.008347228985362583, 0.007917444492710961, 0.007730597901344299, 0.007750794626606835, 0.008042504292064243, 0.007909203827381134, 0.007802120425966051, 0.008006898841593, 0.008067951912350125, 0.00687039981285731, 0.007600615796777937, 0.007791055785947376, 0.006861599118179745, 0.006911848987473382, 0.007388691813415951, 0.006968884671396679, 0.008245499295658536, 0.0064991778744591605, 0.006355558631155226, 0.006455389070510864, 0.0067667311178313365, 0.006662028892834982, 0.00630956592824724, 0.006048521393537521, 0.007230462060372035, 0.0062100519716739655, 0.006127173755566279, 0.006068059274223115, 0.00603447964919938, 0.005838349155584971, 0.005866184234619141, 0.006057465781105889, 0.006744105705287722, 0.0065083357989788055, 0.005703064472145504, 0.005911209334929784, 0.005824979756275813, 0.005628409257862303, 0.005873133028878106, 0.005604274142450756, 0.0055834628283977505, 0.006084732258982129, 0.005746247057120005, 0.005638743191957474, 0.005689843815565109, 0.005490143803755443, 0.005474471884965896, 0.005722795793745253, 0.0053406233734554715, 0.005310117518239551, 0.005672088741593891, 0.005888080081674788, 0.005117785341209835, 0.0060503032035297815, 0.00562981218430731, 0.005366790056228638, 0.005224046921067768, 0.005546520086129506, 0.005096021648910311, 0.005163142386409972, 0.005258106629716025, 0.005576052133904563, 0.005695621403720643, 0.005175433903270297, 0.005183766850497987, 0.005363102852635913, 0.005068439206149843, 0.005129161051909129, 0.005127491250303057, 0.005489705087741216, 0.005248133256700304, 0.005405682237943014, 0.004922169745630688, 0.005146320028437509, 0.005150614011287689, 0.0051734553999370995, 0.005297780261437098, 0.005073276237646739, 0.005119565691550572, 0.00543215513030688, 0.0050476665298144026, 0.00513245181772444, 0.005294093290964762, 0.005138383528259066, 0.0050431600991222595, 0.005258608147501945, 0.004839289198981391], "train_accuracy": [0.09968888888888888, 0.39164444444444446, 0.5053333333333333, 0.5373333333333333, 0.593, 0.6248222222222222, 0.6118888888888889, 0.6587555555555555, 0.6392666666666666, 0.6788222222222222, 0.6865111111111111, 0.6998444444444445, 0.6950666666666667, 0.7073555555555555, 0.7031777777777778, 0.7160666666666666, 0.7222222222222222, 0.7212888888888889, 0.7099111111111112, 0.7148222222222222, 0.7201333333333333, 0.7088666666666666, 0.7077111111111111, 0.7516888888888889, 0.7283555555555555, 0.7298444444444444, 0.7538222222222222, 0.7497555555555555, 0.7379333333333333, 0.7513555555555556, 0.7096222222222223, 0.7694888888888889, 0.7742666666666667, 0.7714444444444445, 0.7582888888888889, 0.7626888888888889, 0.7752222222222223, 0.7845111111111112, 0.7428888888888889, 0.7794666666666666, 0.7801777777777777, 0.7856, 0.7856444444444445, 0.7928444444444445, 0.7945111111111111, 0.7841777777777778, 0.7624888888888889, 0.7702, 0.7960444444444444, 0.7923111111111111, 0.7932888888888889, 0.7999555555555555, 0.7916666666666666, 0.8015555555555556, 0.8020222222222222, 0.7846888888888889, 0.7969777777777778, 0.7992666666666667, 0.7975333333333333, 0.8057555555555556, 0.8058444444444445, 0.7973777777777777, 0.8124666666666667, 0.8142222222222222, 0.7995777777777778, 0.7891777777777778, 0.8188888888888889, 0.785, 0.8009555555555555, 0.8126222222222222, 0.8161111111111111, 0.8021555555555555, 0.8217777777777778, 0.8167333333333333, 0.8133333333333334, 0.8051333333333334, 0.7991555555555555, 0.818, 0.8166444444444444, 0.8092, 0.8215333333333333, 0.8199777777777778, 0.8182888888888888, 0.8094222222222223, 0.8128888888888889, 0.8115111111111111, 0.8261555555555555, 0.8180444444444445, 0.8192222222222222, 0.8168444444444445, 0.8148666666666666, 0.8217111111111111, 0.8207111111111111, 0.8049555555555555, 0.8211111111111111, 0.8214, 0.8149333333333333, 0.8179777777777778, 0.8209333333333333, 0.8146888888888889, 0.8288222222222222], "validation_accuracy": [0.1028, 0.386, 0.4988, 0.5406, 0.5886, 0.6102, 0.613, 0.6474, 0.6256, 0.6646, 0.6712, 0.674, 0.6786, 0.689, 0.6834, 0.702, 0.7032, 0.6966, 0.6846, 0.6938, 0.691, 0.6854, 0.6808, 0.7254, 0.6996, 0.7026, 0.723, 0.7248, 0.71, 0.7206, 0.6814, 0.731, 0.7434, 0.734, 0.7264, 0.7306, 0.7438, 0.7466, 0.718, 0.7402, 0.738, 0.7488, 0.746, 0.7568, 0.7538, 0.746, 0.7278, 0.726, 0.7572, 0.7474, 0.7574, 0.7546, 0.752, 0.7636, 0.7654, 0.7502, 0.7608, 0.7636, 0.7606, 0.7664, 0.7656, 0.7624, 0.7738, 0.7696, 0.7584, 0.7476, 0.7782, 0.7488, 0.759, 0.7646, 0.7776, 0.7652, 0.774, 0.773, 0.7722, 0.7588, 0.755, 0.777, 0.772, 0.777, 0.7788, 0.7784, 0.7746, 0.7614, 0.766, 0.7622, 0.784, 0.7668, 0.7742, 0.7708, 0.7734, 0.776, 0.7742, 0.766, 0.778, 0.7748, 0.7682, 0.7694, 0.7856, 0.7728, 0.7886]}