{"train_loss": [0.02308110531171163, 0.019891821267869737, 0.019090139089690313, 0.01844923618634542, 0.01788126754230923, 0.017369972109794615, 0.01717203108999464, 0.017112056138780384, 0.016833629165755377, 0.017003338593906826, 0.01667135436269972, 0.01685896821551853, 0.016509737788306344, 0.016346674325731066, 0.01617525460190243, 0.01631676152282291, 0.01611725109418233, 0.01603924105697208, 0.015904766914579604, 0.016120565281973944, 0.0157433738761478, 0.015472160024113125, 0.015378865875138177, 0.015355373096466065, 0.01519682310157352, 0.015395956163936192, 0.015103960797521803, 0.015014376637670728, 0.015270778142081366, 0.014603632579909431, 0.01492345121966468, 0.015141898851924473, 0.014485301979382833, 0.014670766358905369, 0.014641274412473043, 0.014942386568917169, 0.0144996055232154, 0.01457667253282335, 0.014362430890401205, 0.014183369869656032, 0.014592276861932542, 0.014629346556133694, 0.014348145447836982, 0.01458795559141371, 0.014482988511191473, 0.013832756204075284, 0.013860689679781596, 0.014196821292241415, 0.014330807444784377, 0.014529594439930385, 0.01360036517514123, 0.014116346229447258, 0.013611894077724881, 0.01350517610443963, 0.01389841094546848, 0.01383442092736562, 0.014128334697087606, 0.013172015624576145, 0.013913572941886054, 0.013706188742319743, 0.014574634472529093, 0.013434348403082953, 0.013854503332244025, 0.013518181257777744, 0.013874891646703084, 0.013968778981102837, 0.013554894259240892, 0.013258588814735413, 0.013563400716251797, 0.01363991801738739, 0.013581449839803908, 0.013324703539742364, 0.014754562396473355, 0.013417762141757541, 0.013681794148021275, 0.013137629816267225, 0.013247022840711806, 0.013259113189909194, 0.013556447712580364, 0.01310586489836375, 0.013870773683653937, 0.013368614485528734, 0.013632424428727892, 0.014104428336355421, 0.012769905584388308, 0.013414781128035652, 0.01374156064192454, 0.013880295470025804, 0.013442633713616266, 0.013587331869867113, 0.013068150750796, 0.014724382819069756, 0.012756858237584432, 0.012816915616724225, 0.014317959957652622, 0.014006349802017213, 0.013595352872212727, 0.013737706300947401, 0.014307833319240145, 0.012969957947731018, 0.012980987025631798], "train_accuracy": [0.13084444444444446, 0.2546, 0.27526666666666666, 0.2968222222222222, 0.31964444444444445, 0.33584444444444445, 0.3454888888888889, 0.34457777777777776, 0.3576, 0.35386666666666666, 0.36386666666666667, 0.3565333333333333, 0.36777777777777776, 0.3731111111111111, 0.38175555555555557, 0.38066666666666665, 0.38295555555555555, 0.39124444444444445, 0.38866666666666666, 0.38275555555555557, 0.4034, 0.4192, 0.4205333333333333, 0.41775555555555555, 0.42733333333333334, 0.4224222222222222, 0.4292222222222222, 0.4365777777777778, 0.4258, 0.4578888888888889, 0.4437333333333333, 0.4339777777777778, 0.4633555555555556, 0.45726666666666665, 0.457, 0.4421777777777778, 0.4671777777777778, 0.4644666666666667, 0.47015555555555555, 0.47531111111111113, 0.46115555555555554, 0.45986666666666665, 0.47633333333333333, 0.46802222222222223, 0.47146666666666665, 0.49793333333333334, 0.4935555555555556, 0.4795333333333333, 0.4786666666666667, 0.4706444444444444, 0.5036222222222222, 0.48602222222222224, 0.5009111111111111, 0.5071777777777777, 0.49735555555555555, 0.49648888888888887, 0.4881111111111111, 0.5189555555555555, 0.4954222222222222, 0.5026222222222222, 0.4796, 0.5120888888888889, 0.5004444444444445, 0.5112, 0.49691111111111114, 0.4942666666666667, 0.5054888888888889, 0.5172444444444444, 0.5079777777777778, 0.5102888888888889, 0.5091777777777777, 0.5198888888888888, 0.47633333333333333, 0.5192222222222223, 0.5086444444444445, 0.5232666666666667, 0.5248222222222222, 0.5220444444444444, 0.5138444444444444, 0.5287555555555555, 0.5115777777777778, 0.5209333333333334, 0.5132888888888889, 0.5050222222222223, 0.5395111111111112, 0.5193111111111111, 0.5137555555555555, 0.5122444444444444, 0.5214666666666666, 0.5195111111111111, 0.5344, 0.49624444444444443, 0.5415555555555556, 0.5430444444444444, 0.5022222222222222, 0.51, 0.5244, 0.5103555555555556, 0.5074666666666666, 0.5363333333333333, 0.5390888888888888], "validation_accuracy": [0.1214, 0.2518, 0.268, 0.293, 0.3238, 0.342, 0.3434, 0.3472, 0.3538, 0.3482, 0.3656, 0.3528, 0.3654, 0.3742, 0.381, 0.3802, 0.3778, 0.3884, 0.3826, 0.3812, 0.4028, 0.4164, 0.414, 0.412, 0.416, 0.407, 0.4164, 0.4218, 0.4196, 0.4448, 0.4376, 0.4316, 0.457, 0.4488, 0.449, 0.432, 0.4616, 0.4586, 0.4634, 0.4674, 0.454, 0.4578, 0.474, 0.4618, 0.4662, 0.4868, 0.4896, 0.4752, 0.471, 0.474, 0.5012, 0.478, 0.5016, 0.5016, 0.494, 0.4954, 0.4822, 0.5146, 0.4934, 0.4948, 0.4708, 0.505, 0.4944, 0.5018, 0.4886, 0.4896, 0.5054, 0.5126, 0.5046, 0.5014, 0.503, 0.5192, 0.4748, 0.5102, 0.5006, 0.5186, 0.5252, 0.5182, 0.5116, 0.5306, 0.5054, 0.515, 0.5124, 0.5012, 0.5286, 0.518, 0.507, 0.508, 0.518, 0.5208, 0.5332, 0.4976, 0.5422, 0.539, 0.5032, 0.5048, 0.5226, 0.5026, 0.505, 0.5402, 0.539]}